timestamp,customer_id,tenure,monthly_charges,total_charges,num_services,support_calls,contract_type,payment_method,internet_service,churn_probability,predicted_churn
2026-09-06 23:09:12,12929,8,75.66,584.71,3,4,Two year,Electronic check,Fiber optic,0.3796,0
2026-09-06 23:09:16,12930,65,98.85,6360.81,5,2,Two year,Credit card,DSL,0.2993,0
2026-09-06 23:09:20,12931,23,92.27,1942.19,7,4,Month-to-month,Electronic check,Fiber optic,0.7374,1
2026-09-06 23:09:24,12932,11,20.01,202.96,5,4,One year,Credit card,Fiber optic,0.3456,0
2026-09-06 23:09:28,12933,48,59.74,2533.53,6,4,Month-to-month,Mailed check,No,0.581,1
2026-09-06 23:09:32,12934,19,107.34,1959.96,6,2,Month-to-month,Bank transfer,No,0.6865,1
2026-09-06 23:09:36,12935,34,66.26,2170.83,3,5,Month-to-month,Electronic check,DSL,0.7323,1
2026-09-06 23:09:40,12936,56,58.32,2862.79,3,7,Month-to-month,Credit card,DSL,0.7802,1
2026-09-06 23:09:44,12937,24,24.56,575.49,2,6,Two year,Credit card,Fiber optic,0.3542,0
2026-09-06 23:09:48,12938,37,89.33,2846.35,3,5,Two year,Bank transfer,No,0.4239,0
2026-09-06 23:09:53,12939,58,113.79,6535.86,5,9,Month-to-month,Mailed check,DSL,0.5951,1
2026-09-06 23:09:56,12940,61,94.09,5687.58,2,5,Two year,Mailed check,Fiber optic,0.3035,0
2026-09-06 23:10:01,12941,3,69.96,185.27,5,2,One year,Electronic check,DSL,0.4844,0
2026-09-06 23:10:05,12942,64,56.11,3329.11,7,7,One year,Electronic check,DSL,0.2274,0
2026-09-06 23:10:09,12943,2,46.29,81.54,1,4,Month-to-month,Bank transfer,DSL,0.8704,1
2026-09-06 23:10:13,12944,56,40.93,2389.75,1,4,Month-to-month,Electronic check,DSL,0.635,1
2026-09-06 23:10:17,12945,51,23.47,1115.64,4,1,One year,Bank transfer,DSL,0.1928,0
2026-09-06 23:10:22,12946,48,119.0,5492.62,2,6,Two year,Credit card,Fiber optic,0.4788,0
2026-09-06 23:10:26,12947,10,101.89,911.02,3,7,One year,Bank transfer,DSL,0.5756,1
2026-09-06 23:10:30,12948,60,81.02,4972.98,2,1,Two year,Credit card,Fiber optic,0.2419,0
2026-09-06 23:10:34,12949,13,52.26,610.92,1,8,Month-to-month,Electronic check,DSL,0.8868,1
2026-09-06 23:10:38,12950,19,112.11,2100.37,1,4,Two year,Bank transfer,DSL,0.4394,0
2026-09-06 23:10:42,12951,71,56.05,3597.11,7,1,One year,Bank transfer,Fiber optic,0.2123,0
2026-09-06 23:10:46,12952,30,29.79,894.06,2,7,Month-to-month,Mailed check,No,0.6529,1
2026-09-06 23:10:50,12953,62,97.64,5221.46,6,1,Month-to-month,Electronic check,No,0.7607,1
2026-09-06 23:10:54,12954,15,75.71,1021.25,5,1,One year,Credit card,Fiber optic,0.2674,0
2026-09-06 23:10:58,12955,8,33.39,239.31,4,9,Month-to-month,Credit card,DSL,0.8085,1
2026-09-06 23:11:02,12956,30,35.15,1105.14,5,2,One year,Mailed check,Fiber optic,0.3357,0
2026-09-06 23:11:07,12957,32,89.45,3004.47,7,2,Two year,Electronic check,No,0.3173,0
2026-09-06 23:11:11,12958,4,40.96,158.53,5,1,Month-to-month,Credit card,Fiber optic,0.7824,1
2026-09-06 23:11:15,12959,21,20.76,442.61,6,6,Month-to-month,Mailed check,No,0.7401,1
2026-09-06 23:11:19,12960,68,30.2,1899.64,4,5,Month-to-month,Electronic check,Fiber optic,0.5122,1
2026-09-06 23:11:23,12961,72,39.34,2556.69,7,2,Month-to-month,Electronic check,DSL,0.4805,0
2026-09-06 23:11:27,12962,11,103.75,979.81,5,8,Month-to-month,Bank transfer,Fiber optic,0.8757,1
2026-09-06 23:11:31,12963,66,51.97,3250.95,5,6,Month-to-month,Credit card,DSL,0.7202,1
2026-09-06 23:11:36,12964,38,75.1,2761.44,2,0,Month-to-month,Credit card,Fiber optic,0.6836,1
2026-09-06 23:11:40,12965,12,57.92,593.1,3,6,Month-to-month,Mailed check,No,0.8907,1
2026-09-06 23:11:44,12966,48,49.65,2156.01,4,2,Month-to-month,Credit card,DSL,0.7158,1
2026-09-06 23:11:48,12967,9,71.1,580.82,2,7,Month-to-month,Bank transfer,No,0.8432,1
2026-09-06 23:11:52,12968,55,59.39,2955.91,5,2,Month-to-month,Credit card,No,0.657,1
2026-09-06 23:11:56,12969,20,113.68,2219.24,2,5,One year,Electronic check,No,0.4458,0
2026-09-06 23:12:00,12970,9,113.83,1075.3,1,10,Month-to-month,Credit card,Fiber optic,0.8638,1
2026-09-06 23:12:04,12971,70,65.18,4054.57,4,0,Month-to-month,Mailed check,DSL,0.567,1
2026-09-06 23:12:09,12972,67,43.82,2595.27,3,10,One year,Bank transfer,Fiber optic,0.242,0
2026-09-06 23:12:13,12973,2,36.33,71.92,1,3,One year,Bank transfer,Fiber optic,0.4153,0
2026-09-06 23:12:17,12974,48,39.31,1813.3,5,9,Two year,Electronic check,Fiber optic,0.2978,0
2026-09-06 23:12:21,12975,18,57.98,1076.56,7,0,Month-to-month,Mailed check,Fiber optic,0.5667,1
2026-09-06 23:12:25,12976,49,31.35,1526.17,5,1,Month-to-month,Bank transfer,No,0.588,1
2026-09-06 23:12:29,12977,63,57.17,3332.9,3,8,One year,Mailed check,No,0.3576,0
2026-09-06 23:12:33,12978,47,114.85,4730.49,5,9,Month-to-month,Electronic check,DSL,0.688,1
2026-09-06 23:12:38,12979,48,97.82,4710.68,3,8,Month-to-month,Credit card,No,0.7832,1
2026-09-06 23:12:42,12980,39,100.35,4039.29,6,7,Month-to-month,Credit card,Fiber optic,0.7321,1
2026-09-06 23:12:46,12981,34,109.55,3572.15,5,2,Two year,Electronic check,DSL,0.382,0
2026-09-06 23:12:50,12982,41,58.26,2243.13,3,0,One year,Electronic check,DSL,0.3122,0
2026-09-06 23:12:54,12983,12,21.56,242.15,2,0,One year,Mailed check,DSL,0.3465,0
2026-09-06 23:12:58,12984,11,116.41,1267.64,2,9,Month-to-month,Bank transfer,Fiber optic,0.8732,1
2026-09-06 23:13:02,12985,50,109.02,5670.51,2,2,One year,Bank transfer,Fiber optic,0.343,0
2026-09-06 23:13:06,12986,30,83.77,2187.13,1,4,One year,Bank transfer,Fiber optic,0.3517,0
2026-09-06 23:13:10,12987,37,88.02,2837.65,5,4,Month-to-month,Bank transfer,DSL,0.7446,1
2026-09-06 23:13:15,12988,38,20.09,729.06,5,5,Two year,Electronic check,Fiber optic,0.2778,0
2026-09-06 23:13:19,12989,37,60.71,2354.43,5,2,Month-to-month,Credit card,DSL,0.695,1
2026-09-06 23:13:23,12990,18,91.22,1641.7,1,9,Month-to-month,Mailed check,Fiber optic,0.907,1
2026-09-06 23:13:27,12991,1,34.56,32.1,6,3,One year,Mailed check,Fiber optic,0.3629,0
2026-09-06 23:13:31,12992,40,29.06,1181.25,2,2,One year,Mailed check,Fiber optic,0.2899,0
2026-09-06 23:13:35,12993,1,50.67,52.76,1,0,Month-to-month,Credit card,Fiber optic,0.7913,1
2026-09-06 23:13:39,12994,27,108.83,3069.95,2,1,Month-to-month,Bank transfer,No,0.8238,1
2026-09-06 23:13:44,12995,59,89.24,4600.92,1,8,Two year,Mailed check,No,0.3582,0
2026-09-06 23:13:48,12996,1,53.2,53.96,3,9,Month-to-month,Bank transfer,No,0.9155,1
2026-09-06 23:13:52,12997,45,48.17,2217.01,3,8,Month-to-month,Electronic check,Fiber optic,0.7016,1
2026-09-06 23:13:56,12998,14,43.73,554.02,1,1,One year,Mailed check,DSL,0.2794,0
2026-09-06 23:14:01,12999,50,91.1,4205.43,3,2,Month-to-month,Mailed check,Fiber optic,0.7241,1
2026-09-06 23:14:05,13000,39,34.99,1283.29,2,2,Month-to-month,Mailed check,DSL,0.6746,1
2026-09-06 23:14:09,13001,14,36.88,445.69,1,2,Month-to-month,Electronic check,No,0.7888,1
2026-09-06 23:14:13,13002,25,30.75,655.66,5,7,Month-to-month,Electronic check,No,0.641,1
2026-09-06 23:14:17,13003,16,103.36,1664.86,5,4,One year,Bank transfer,Fiber optic,0.4452,0
2026-09-06 23:14:21,13004,21,113.27,2080.07,4,8,Month-to-month,Bank transfer,DSL,0.6768,1
2026-09-06 23:14:26,13005,37,96.67,3311.31,1,3,Month-to-month,Bank transfer,DSL,0.6467,1
2026-09-06 23:14:30,13006,9,65.36,592.11,7,7,Month-to-month,Bank transfer,DSL,0.696,1
2026-09-06 23:14:34,13007,42,82.89,3091.89,5,3,Month-to-month,Electronic check,No,0.7024,1
2026-09-06 23:14:38,13008,29,35.22,1072.43,6,9,Two year,Credit card,Fiber optic,0.2219,0
2026-09-06 23:14:42,13009,2,48.97,95.05,5,8,Month-to-month,Mailed check,DSL,0.8311,1
2026-09-06 23:14:47,13010,38,89.17,2895.51,4,5,Two year,Bank transfer,Fiber optic,0.4458,0
2026-09-06 23:14:51,13011,65,96.51,6214.67,6,2,Month-to-month,Credit card,DSL,0.5064,1
2026-09-06 23:14:55,13012,29,37.11,954.49,4,4,One year,Bank transfer,Fiber optic,0.3045,0
2026-09-06 23:15:00,13013,42,110.02,4688.26,4,10,One year,Credit card,DSL,0.5164,1
2026-09-06 23:15:04,13014,67,107.34,6408.74,2,4,Month-to-month,Bank transfer,DSL,0.7178,1
2026-09-06 23:15:09,13015,51,71.76,3688.67,7,8,Month-to-month,Mailed check,Fiber optic,0.5884,1
2026-09-06 23:15:13,13016,61,89.01,5005.69,4,3,One year,Electronic check,DSL,0.2433,0
2026-09-06 23:15:17,13017,72,119.34,7665.13,5,5,Month-to-month,Bank transfer,DSL,0.6558,1
2026-09-06 23:15:21,13018,14,107.58,1575.53,1,3,Month-to-month,Mailed check,Fiber optic,0.8352,1
2026-09-06 23:15:25,13019,4,118.98,493.22,6,1,Month-to-month,Bank transfer,Fiber optic,0.7111,1
2026-09-06 23:15:29,13020,70,39.01,2438.21,2,8,Month-to-month,Credit card,DSL,0.7336,1
2026-09-06 23:15:33,13021,17,87.03,1552.89,5,8,One year,Mailed check,No,0.3247,0
2026-09-06 23:15:38,13022,68,57.08,3322.31,6,0,Two year,Electronic check,No,0.34,0
2026-09-06 23:15:42,13023,35,41.87,1463.7,4,7,One year,Mailed check,Fiber optic,0.3887,0
2026-09-06 23:15:46,13024,29,66.6,1853.18,6,3,Month-to-month,Bank transfer,Fiber optic,0.5444,1
2026-09-06 23:15:50,13025,68,73.43,4412.71,2,3,One year,Electronic check,Fiber optic,0.2749,0
2026-09-06 23:15:54,13026,15,88.49,1236.1,1,4,One year,Bank transfer,DSL,0.4216,0
2026-09-06 23:15:59,13027,39,77.32,2902.7,5,0,One year,Mailed check,Fiber optic,0.3721,0
2026-09-06 23:16:03,13028,23,114.41,2654.83,5,5,Month-to-month,Mailed check,DSL,0.7655,1
2026-09-06 23:16:07,13029,38,38.14,1302.55,5,0,Month-to-month,Electronic check,Fiber optic,0.6154,1
2026-09-06 23:16:11,13030,23,81.47,1868.29,5,4,Month-to-month,Bank transfer,Fiber optic,0.8327,1
2026-09-06 23:16:16,13031,20,51.48,986.54,3,10,Month-to-month,Electronic check,DSL,0.7251,1
2026-09-06 23:16:20,13032,4,57.24,199.11,5,7,Two year,Credit card,No,0.4947,0
2026-09-06 23:16:24,13033,7,98.27,629.36,4,4,One year,Bank transfer,DSL,0.5775,1
2026-09-06 23:16:29,13034,58,115.84,6963.68,6,8,One year,Electronic check,Fiber optic,0.3407,0
2026-09-06 23:16:33,13035,39,20.11,700.92,7,8,Two year,Mailed check,DSL,0.2255,0
2026-09-06 23:16:37,13036,26,81.93,2039.76,4,0,Two year,Bank transfer,Fiber optic,0.4254,0
2026-09-06 23:16:42,13037,17,57.13,855.46,7,8,Month-to-month,Electronic check,Fiber optic,0.7514,1
2026-09-06 23:16:46,13038,60,64.21,3408.66,7,10,One year,Bank transfer,Fiber optic,0.2168,0
2026-09-06 23:16:51,13039,65,36.18,2346.36,7,9,Month-to-month,Electronic check,DSL,0.6242,1
2026-09-06 23:16:55,13040,30,118.29,3701.1,2,7,Month-to-month,Credit card,Fiber optic,0.8146,1
2026-09-06 23:16:59,13041,37,32.58,1091.04,2,7,Two year,Credit card,Fiber optic,0.3359,0
2026-09-06 23:17:04,13042,24,41.16,925.38,7,4,Two year,Electronic check,No,0.2895,0
2026-09-06 23:17:08,13043,55,26.22,1294.05,4,9,One year,Electronic check,Fiber optic,0.217,0
2026-09-06 23:17:12,13044,9,39.66,322.51,1,9,One year,Mailed check,DSL,0.4213,0
2026-09-06 23:17:17,13045,64,24.05,1513.37,3,3,Month-to-month,Mailed check,Fiber optic,0.499,0
2026-09-06 23:17:21,13046,21,35.78,668.06,1,2,One year,Credit card,Fiber optic,0.2601,0
2026-09-06 23:17:25,13047,7,117.27,710.73,6,6,Two year,Credit card,DSL,0.458,0
2026-09-06 23:17:30,13048,34,51.01,1514.76,3,1,Two year,Bank transfer,Fiber optic,0.3138,0
2026-09-06 23:17:34,13049,15,84.41,1088.03,3,2,Month-to-month,Bank transfer,Fiber optic,0.8358,1
2026-09-06 23:17:38,13050,41,23.46,855.58,6,9,Month-to-month,Mailed check,No,0.6829,1
2026-09-06 23:17:41,13051,15,92.95,1342.72,2,1,Two year,Electronic check,Fiber optic,0.4074,0
2026-09-06 23:17:46,13052,2,49.07,95.55,3,3,One year,Mailed check,Fiber optic,0.4131,0
2026-09-06 23:17:50,13053,4,105.69,392.05,2,10,Month-to-month,Credit card,Fiber optic,0.9351,1
2026-09-06 23:17:55,13054,62,52.48,2993.18,3,10,Two year,Mailed check,Fiber optic,0.3456,0
2026-09-06 23:17:59,13055,6,67.54,365.37,6,10,One year,Electronic check,DSL,0.4569,0
2026-09-06 23:18:04,13056,6,59.42,314.14,2,4,Two year,Credit card,DSL,0.5572,1
2026-09-06 23:18:10,13057,34,64.79,2199.36,1,3,Month-to-month,Electronic check,Fiber optic,0.7395,1
2026-09-06 23:18:14,13058,56,67.28,3723.35,2,10,Two year,Bank transfer,DSL,0.4942,0
2026-09-06 23:18:18,13059,48,38.12,1606.92,1,3,Month-to-month,Credit card,Fiber optic,0.7054,1
2026-09-06 23:18:22,13060,54,106.87,6041.42,5,1,One year,Bank transfer,No,0.2505,0
2026-09-06 23:18:26,13061,18,93.73,1465.53,6,2,Month-to-month,Bank transfer,Fiber optic,0.7266,1
2026-09-06 23:18:31,13062,18,75.68,1236.89,5,4,Month-to-month,Bank transfer,DSL,0.6592,1
2026-09-06 23:18:36,13063,18,37.68,639.48,1,8,One year,Credit card,No,0.4066,0
2026-09-06 23:18:40,13064,27,71.07,1723.45,7,7,Month-to-month,Mailed check,Fiber optic,0.6359,1
2026-09-06 23:18:45,13065,3,84.99,248.44,5,2,Month-to-month,Credit card,Fiber optic,0.8758,1
2026-09-06 23:18:50,13066,29,41.97,1048.29,7,8,Month-to-month,Electronic check,DSL,0.5648,1
2026-09-06 23:18:55,13067,28,99.79,2478.15,6,2,One year,Mailed check,Fiber optic,0.3946,0
2026-09-06 23:19:00,13068,51,34.61,1512.87,4,7,Month-to-month,Electronic check,Fiber optic,0.5709,1
2026-09-06 23:19:04,13069,50,37.21,1703.39,7,4,Month-to-month,Electronic check,DSL,0.5679,1
2026-09-06 23:19:08,13070,46,24.1,960.63,2,8,Month-to-month,Credit card,Fiber optic,0.6719,1
2026-09-06 23:19:13,13071,23,70.31,1559.85,3,10,Month-to-month,Mailed check,DSL,0.7964,1
2026-09-06 23:19:17,13072,37,33.48,1188.48,6,3,One year,Bank transfer,DSL,0.1821,0
2026-09-06 23:19:21,13073,28,33.45,839.85,4,6,Month-to-month,Mailed check,Fiber optic,0.7912,1
2026-09-06 23:19:26,13074,11,64.03,713.39,2,8,Two year,Electronic check,DSL,0.3988,0
2026-09-06 23:19:30,13075,59,107.91,5842.9,2,0,Two year,Mailed check,No,0.3314,0
2026-09-06 23:19:35,13076,19,89.27,1606.25,4,4,One year,Bank transfer,DSL,0.3576,0
2026-09-06 23:19:39,13077,18,78.33,1449.57,1,2,Two year,Credit card,No,0.4821,0
2026-09-06 23:19:43,13078,66,25.67,1693.12,3,8,One year,Bank transfer,DSL,0.2528,0
2026-09-06 23:19:48,13079,61,79.01,4373.55,5,6,One year,Credit card,Fiber optic,0.2248,0
2026-09-06 23:19:52,13080,67,96.1,6233.59,1,8,Month-to-month,Credit card,Fiber optic,0.8056,1
2026-09-06 23:19:56,13081,11,118.37,1152.87,4,9,Two year,Electronic check,No,0.5324,1
2026-09-06 23:20:01,13082,60,90.3,5658.89,5,8,Month-to-month,Mailed check,DSL,0.6273,1
2026-09-06 23:20:05,13083,8,26.75,219.49,7,4,Month-to-month,Bank transfer,DSL,0.6979,1
2026-09-06 23:20:09,13084,70,38.93,2586.45,4,0,Two year,Credit card,Fiber optic,0.277,0
2026-09-06 23:20:14,13085,49,62.5,3157.3,3,10,Month-to-month,Electronic check,Fiber optic,0.6813,1
2026-09-06 23:20:18,13086,29,37.31,961.03,3,5,Month-to-month,Mailed check,DSL,0.6909,1
2026-09-06 23:20:23,13087,59,79.76,4298.57,7,2,Two year,Electronic check,No,0.2806,0
2026-09-06 23:20:27,13088,37,87.72,3213.81,3,9,Month-to-month,Bank transfer,DSL,0.7671,1
2026-09-06 23:20:32,13089,46,101.89,4801.38,7,4,Month-to-month,Credit card,DSL,0.5929,1
2026-09-06 23:20:36,13090,34,113.87,3841.74,3,1,Month-to-month,Mailed check,Fiber optic,0.7392,1
2026-09-06 23:20:41,13091,26,104.18,2724.95,1,2,Two year,Mailed check,Fiber optic,0.4013,0
2026-09-06 23:20:45,13092,33,58.6,1681.05,4,5,Month-to-month,Mailed check,DSL,0.754,1
2026-09-06 23:20:50,13093,33,103.09,2950.62,1,8,Month-to-month,Electronic check,No,0.7447,1
2026-09-06 23:20:54,13094,30,112.4,3468.87,4,2,One year,Bank transfer,Fiber optic,0.3717,0
2026-09-06 23:20:59,13095,58,95.45,5806.33,5,2,One year,Bank transfer,No,0.2291,0
2026-09-06 23:21:03,13096,33,37.4,1267.17,3,9,One year,Credit card,DSL,0.36,0
2026-09-06 23:21:08,13097,44,110.99,5092.98,3,9,Two year,Mailed check,Fiber optic,0.3891,0
2026-09-06 23:21:12,13098,13,69.55,936.69,5,1,One year,Bank transfer,Fiber optic,0.4451,0
2026-09-06 23:21:17,13099,37,55.83,1774.66,1,3,Month-to-month,Bank transfer,No,0.593,1
2026-09-06 23:21:21,13100,5,55.4,264.63,4,1,One year,Bank transfer,Fiber optic,0.5476,1
2026-09-06 23:21:26,13101,2,31.33,57.53,1,3,Month-to-month,Mailed check,Fiber optic,0.823,1
2026-09-06 23:21:30,13102,65,110.91,6770.44,4,2,One year,Bank transfer,DSL,0.1777,0
2026-09-06 23:21:35,13103,20,29.6,535.43,5,9,Month-to-month,Credit card,No,0.8399,1
2026-09-06 23:21:39,13104,49,102.71,4286.42,4,8,Two year,Bank transfer,Fiber optic,0.411,0
2026-09-06 23:21:43,13105,41,86.13,3498.07,4,10,Month-to-month,Credit card,Fiber optic,0.757,1
2026-09-06 23:21:48,13106,65,36.36,2062.67,2,9,One year,Credit card,No,0.258,0
2026-09-06 23:21:52,13107,50,42.61,2050.35,7,4,Month-to-month,Electronic check,Fiber optic,0.4947,0
2026-09-06 23:21:57,13108,60,84.61,4578.94,2,8,Month-to-month,Mailed check,Fiber optic,0.7009,1
2026-09-06 23:22:01,13109,44,84.18,3590.17,6,8,Two year,Mailed check,Fiber optic,0.2938,0
2026-09-06 23:22:06,13110,13,60.25,800.51,4,10,One year,Credit card,No,0.4477,0
2026-09-06 23:22:10,13111,65,42.9,2551.75,1,9,Two year,Bank transfer,Fiber optic,0.4059,0
2026-09-06 23:22:15,13112,71,99.56,6802.72,6,2,Month-to-month,Mailed check,No,0.6357,1
2026-09-06 23:22:20,13113,59,54.96,2797.14,6,10,One year,Mailed check,Fiber optic,0.2717,0
2026-09-06 23:22:24,13114,41,100.42,4016.71,4,0,Two year,Bank transfer,Fiber optic,0.3421,0
2026-09-06 23:22:29,13115,16,35.62,501.95,7,3,One year,Mailed check,No,0.2962,0
2026-09-06 23:22:34,13116,46,59.56,2796.11,2,3,Two year,Mailed check,Fiber optic,0.2338,0
2026-09-06 23:22:39,13117,34,65.04,2291.92,1,9,Month-to-month,Electronic check,DSL,0.7659,1
2026-09-06 23:22:43,13118,40,45.52,1651.0,5,7,One year,Credit card,No,0.2987,0
2026-09-06 23:22:48,13119,72,46.25,3243.72,6,9,Month-to-month,Credit card,Fiber optic,0.7024,1
2026-09-06 23:22:53,13120,71,105.25,7236.5,3,3,One year,Bank transfer,DSL,0.1348,0
2026-09-06 23:22:57,13121,16,76.26,1140.02,3,0,One year,Credit card,DSL,0.3132,0
2026-09-06 23:23:01,13122,14,55.97,773.87,1,1,One year,Bank transfer,No,0.3891,0
2026-09-06 23:23:06,13123,33,98.04,2750.42,1,0,Month-to-month,Credit card,Fiber optic,0.6624,1
2026-09-06 23:23:11,13124,8,76.21,608.04,5,8,One year,Mailed check,No,0.4082,0
2026-09-06 23:23:15,13125,3,112.29,343.54,1,10,Month-to-month,Electronic check,No,0.8872,1
2026-09-06 23:23:20,13126,12,94.11,1007.6,3,10,Month-to-month,Mailed check,No,0.8841,1
2026-09-06 23:23:25,13127,67,104.13,6999.44,6,3,Month-to-month,Credit card,DSL,0.5019,1
2026-09-06 23:23:29,13128,12,30.52,337.44,3,3,Month-to-month,Bank transfer,No,0.8995,1
2026-09-06 23:23:33,13129,56,83.69,4850.14,4,2,Month-to-month,Bank transfer,DSL,0.5987,1
2026-09-06 23:23:38,13130,72,59.25,3944.07,4,8,Month-to-month,Bank transfer,DSL,0.6112,1
2026-09-06 23:23:43,13131,46,54.95,2226.08,5,3,Month-to-month,Mailed check,No,0.4585,0
2026-09-06 23:23:47,13132,30,73.89,2052.91,3,4,One year,Electronic check,Fiber optic,0.3816,0
2026-09-06 23:23:52,13133,37,111.43,3536.55,4,2,Month-to-month,Credit card,Fiber optic,0.7451,1
2026-09-06 23:23:57,13134,30,37.22,1026.29,5,3,Month-to-month,Bank transfer,DSL,0.5871,1
2026-09-06 23:24:01,13135,2,91.32,190.17,5,7,Month-to-month,Electronic check,Fiber optic,0.8967,1
2026-09-06 23:24:05,13136,37,87.91,2953.34,1,8,Month-to-month,Bank transfer,No,0.803,1
2026-09-06 23:24:45,10001,45,52.59,2427.63,7,0,Month-to-month,Mailed check,No,0.4591,0
2026-09-06 23:24:47,10002,63,24.14,1489.38,4,2,Month-to-month,Electronic check,DSL,0.533,1
2026-09-06 23:24:49,10003,52,55.25,2899.68,4,2,Two year,Bank transfer,DSL,0.2965,0
2026-09-06 23:24:51,10004,9,104.61,826.69,5,10,Two year,Electronic check,No,0.4934,0
2026-09-06 23:24:53,10005,45,34.98,1375.45,5,9,Two year,Credit card,Fiber optic,0.373,0
2026-09-06 23:24:55,10006,26,42.52,1074.06,2,7,One year,Credit card,DSL,0.4162,0
2026-09-06 23:24:58,10007,7,58.6,414.4,1,2,One year,Credit card,DSL,0.3443,0
2026-09-06 23:25:00,10008,69,96.54,6884.5,7,3,One year,Credit card,DSL,0.1552,0
2026-09-06 23:25:02,10009,31,78.29,2531.27,3,3,Two year,Electronic check,DSL,0.3621,0
2026-09-06 23:25:04,10010,17,87.54,1510.21,3,5,Month-to-month,Credit card,Fiber optic,0.8677,1
2026-09-06 23:25:06,10011,63,107.9,6574.11,7,10,One year,Bank transfer,DSL,0.3144,0
2026-09-06 23:25:08,10012,70,119.2,8207.56,4,6,One year,Credit card,DSL,0.2868,0
2026-09-06 23:25:10,10013,19,75.98,1500.27,6,8,Month-to-month,Mailed check,DSL,0.7256,1
2026-09-06 23:25:12,10014,41,112.95,4163.76,2,6,One year,Bank transfer,DSL,0.3576,0
2026-09-06 23:25:14,10015,35,37.79,1236.98,2,4,Month-to-month,Mailed check,DSL,0.7445,1
2026-09-06 23:25:17,10016,42,32.64,1230.36,6,7,One year,Credit card,DSL,0.2877,0
2026-09-06 23:25:19,10017,55,116.96,6744.87,7,6,One year,Credit card,Fiber optic,0.2823,0
2026-09-06 23:25:21,10018,10,78.77,777.52,3,10,Month-to-month,Mailed check,No,0.9061,1
2026-09-06 23:25:23,10019,21,49.63,888.26,1,8,Two year,Electronic check,DSL,0.4285,0
2026-09-06 23:25:25,10020,13,45.37,603.17,1,7,Month-to-month,Bank transfer,Fiber optic,0.9264,1
2026-09-06 23:25:27,10021,30,88.21,2269.22,2,5,Month-to-month,Electronic check,Fiber optic,0.8258,1
2026-09-06 23:25:29,10022,43,53.47,2356.86,5,2,Month-to-month,Mailed check,DSL,0.5614,1
2026-09-06 23:25:32,10023,1,38.06,35.56,3,10,One year,Electronic check,DSL,0.3712,0
2026-09-06 23:25:34,10024,64,75.92,4290.79,2,7,One year,Electronic check,Fiber optic,0.3477,0
2026-09-06 23:25:36,10025,25,75.29,1939.29,5,0,Month-to-month,Electronic check,DSL,0.6876,1
2026-09-06 23:25:38,10026,1,71.17,62.79,4,5,One year,Electronic check,DSL,0.3986,0
2026-09-06 23:25:40,10027,63,54.62,2953.56,2,10,Month-to-month,Electronic check,Fiber optic,0.665,1
2026-09-06 23:25:42,10028,35,73.48,2585.7,2,9,Month-to-month,Credit card,Fiber optic,0.8828,1
2026-09-06 23:25:44,10029,35,72.01,2322.01,5,0,Two year,Credit card,DSL,0.3804,0
2026-09-06 23:25:46,10030,33,52.7,1750.97,6,2,Month-to-month,Bank transfer,DSL,0.5394,1
2026-09-06 23:25:48,10031,26,70.62,1695.34,5,2,One year,Mailed check,DSL,0.3433,0
2026-09-06 23:25:50,10032,51,45.49,2055.48,7,7,One year,Electronic check,DSL,0.2003,0
2026-09-06 23:25:52,10033,64,92.24,5191.33,2,10,Month-to-month,Mailed check,Fiber optic,0.6905,1
2026-09-06 23:25:55,10034,64,49.7,2929.35,2,9,One year,Electronic check,DSL,0.2484,0
2026-09-06 23:25:57,10035,13,43.78,520.47,3,6,Two year,Bank transfer,Fiber optic,0.3332,0
2026-09-06 23:25:59,10036,31,104.87,3278.04,7,8,Month-to-month,Mailed check,No,0.8296,1
2026-09-06 23:26:01,10037,27,28.66,735.8,3,4,Month-to-month,Bank transfer,No,0.8393,1
2026-09-06 23:26:03,10038,13,89.59,1126.3,2,4,Month-to-month,Electronic check,Fiber optic,0.8838,1
2026-09-06 23:26:05,10039,65,26.12,1537.26,1,4,Two year,Bank transfer,DSL,0.3194,0
2026-09-06 23:26:07,10040,27,56.09,1346.3,6,2,Two year,Mailed check,Fiber optic,0.2323,0
2026-09-06 23:26:09,10041,9,25.58,229.95,7,6,One year,Electronic check,Fiber optic,0.3244,0
2026-09-06 23:26:11,10042,50,48.7,2178.12,2,6,Two year,Electronic check,Fiber optic,0.2528,0
2026-09-06 23:26:13,10043,4,47.89,180.55,3,2,Month-to-month,Credit card,DSL,0.8131,1
2026-09-06 23:26:16,10044,50,73.97,3470.19,6,0,Two year,Mailed check,Fiber optic,0.2316,0
2026-09-06 23:26:18,10045,40,95.38,3719.15,5,6,Month-to-month,Mailed check,Fiber optic,0.7496,1
2026-09-06 23:26:20,10046,44,76.21,2895.19,4,2,Two year,Credit card,Fiber optic,0.443,0
2026-09-06 23:26:22,10047,61,81.0,4632.83,4,0,Two year,Credit card,No,0.3029,0
2026-09-06 23:26:24,10048,33,28.65,843.52,7,9,One year,Electronic check,No,0.2896,0
2026-09-06 23:26:26,10049,51,31.31,1467.5,6,9,Two year,Credit card,Fiber optic,0.2522,0
2026-09-06 23:26:28,10050,5,47.93,225.92,6,0,Month-to-month,Mailed check,No,0.8122,1
2026-09-06 23:26:30,10051,29,28.88,725.95,6,0,Two year,Mailed check,Fiber optic,0.2328,0
2026-09-06 23:26:33,10052,30,68.8,1940.98,3,3,Month-to-month,Bank transfer,Fiber optic,0.6413,1
2026-09-06 23:26:35,10053,57,30.58,1682.58,4,3,Month-to-month,Electronic check,DSL,0.5641,1
2026-09-06 23:26:37,10054,11,114.0,1169.48,1,0,Month-to-month,Electronic check,DSL,0.6532,1
2026-09-06 23:26:39,10055,67,92.21,5563.52,2,5,Two year,Credit card,DSL,0.2842,0
2026-09-06 23:26:41,10056,57,98.97,4898.37,6,2,Month-to-month,Bank transfer,DSL,0.6038,1
2026-09-06 23:26:43,10057,4,41.17,163.85,3,4,One year,Mailed check,Fiber optic,0.4981,0
2026-09-06 23:26:45,10058,48,95.71,4452.94,7,9,Month-to-month,Electronic check,No,0.7007,1
2026-09-06 23:26:47,10059,1,91.62,82.71,6,3,Month-to-month,Credit card,DSL,0.8607,1
2026-09-06 23:26:50,10060,72,77.41,5552.72,5,10,Month-to-month,Credit card,DSL,0.6434,1
2026-09-06 23:26:52,10061,55,55.68,2668.85,6,9,Two year,Credit card,Fiber optic,0.2963,0
2026-09-06 23:26:54,10062,9,116.31,926.91,1,10,Two year,Credit card,Fiber optic,0.6959,1
2026-09-06 23:26:56,10063,10,23.59,227.46,4,3,One year,Mailed check,No,0.3893,0
2026-09-06 23:26:58,10064,30,51.7,1601.57,2,5,Two year,Credit card,Fiber optic,0.3364,0
2026-09-06 23:27:00,10065,66,50.44,2911.83,5,4,Two year,Credit card,No,0.3334,0
2026-09-06 23:27:02,10066,65,45.6,3088.17,1,9,Month-to-month,Electronic check,Fiber optic,0.6637,1
2026-09-06 23:27:05,10067,23,93.32,1928.77,5,6,One year,Bank transfer,Fiber optic,0.5133,1
2026-09-06 23:27:07,10068,49,104.5,4631.87,3,2,Month-to-month,Mailed check,No,0.6599,1
2026-09-06 23:27:09,10069,42,58.52,2465.61,4,1,Month-to-month,Electronic check,Fiber optic,0.5954,1
2026-09-06 23:27:11,10070,62,119.42,7753.88,6,4,Month-to-month,Electronic check,DSL,0.723,1
2026-09-06 23:27:13,10071,44,23.18,903.46,4,0,Month-to-month,Bank transfer,DSL,0.6265,1
2026-09-06 23:27:15,10072,64,56.21,3689.78,3,4,One year,Mailed check,Fiber optic,0.2917,0
2026-09-06 23:27:17,10073,15,103.28,1554.25,1,4,One year,Credit card,DSL,0.4749,0
2026-09-06 23:27:19,10074,10,106.03,1054.15,7,10,Month-to-month,Credit card,Fiber optic,0.8348,1
2026-09-06 23:27:21,10075,5,28.28,138.6,5,6,Month-to-month,Credit card,Fiber optic,0.8058,1
2026-09-06 23:27:23,10076,31,30.07,909.91,2,2,One year,Electronic check,Fiber optic,0.2879,0
2026-09-06 23:27:26,10077,40,99.4,3471.47,3,6,Month-to-month,Electronic check,Fiber optic,0.8129,1
2026-09-06 23:27:28,10078,15,31.37,475.7,6,8,Month-to-month,Bank transfer,Fiber optic,0.819,1
2026-09-06 23:27:30,10079,33,66.21,2160.74,1,1,Month-to-month,Credit card,Fiber optic,0.6497,1
2026-09-06 23:27:32,10080,10,75.06,663.86,4,3,Month-to-month,Electronic check,Fiber optic,0.8844,1
2026-09-06 23:27:34,10081,23,61.26,1387.27,2,7,Month-to-month,Electronic check,DSL,0.8057,1
2026-09-06 23:27:36,10082,10,59.68,586.01,6,6,Month-to-month,Electronic check,No,0.6317,1
2026-09-06 23:27:38,10083,8,81.92,584.76,2,5,Two year,Electronic check,Fiber optic,0.3549,0
2026-09-06 23:27:40,10084,68,90.32,5273.47,1,6,One year,Credit card,No,0.2855,0
2026-09-06 23:27:43,10085,23,25.84,580.28,2,5,Month-to-month,Electronic check,Fiber optic,0.7857,1
2026-09-06 23:27:45,10086,48,69.71,3036.25,7,2,Two year,Mailed check,DSL,0.2379,0
2026-09-06 23:27:47,10087,29,30.65,804.93,7,5,Month-to-month,Mailed check,DSL,0.6185,1
2026-09-06 23:27:49,10088,4,114.43,416.24,3,4,Two year,Mailed check,No,0.5012,1
2026-09-06 23:27:51,10089,71,21.31,1494.23,4,2,Month-to-month,Credit card,Fiber optic,0.5096,1
2026-09-06 23:27:53,10090,22,88.18,1904.54,6,3,Two year,Credit card,Fiber optic,0.4804,0
2026-09-06 23:27:55,10091,69,68.18,4274.74,2,7,Two year,Electronic check,Fiber optic,0.206,0
2026-09-06 23:27:57,10092,30,79.67,2463.43,1,10,Month-to-month,Bank transfer,No,0.8397,1
2026-09-06 23:27:59,10093,15,49.0,626.77,1,1,Two year,Bank transfer,DSL,0.4217,0
2026-09-06 23:28:02,10094,62,39.04,2322.6,6,1,Month-to-month,Mailed check,DSL,0.5238,1
2026-09-06 23:28:04,10095,60,45.78,2844.24,4,5,One year,Mailed check,Fiber optic,0.3129,0
2026-09-06 23:28:06,10096,42,76.87,2926.89,1,5,One year,Mailed check,DSL,0.4528,0
2026-09-06 23:28:08,10097,4,96.44,354.78,3,6,One year,Mailed check,Fiber optic,0.4763,0
2026-09-06 23:28:10,10098,45,54.11,2387.61,6,10,Month-to-month,Electronic check,DSL,0.6642,1
2026-09-06 23:28:12,10099,69,83.89,5991.32,5,5,Month-to-month,Bank transfer,Fiber optic,0.6247,1
2026-09-06 23:28:14,10100,49,113.85,4748.25,1,2,One year,Mailed check,DSL,0.453,0
2026-09-06 23:28:17,10101,14,25.28,349.21,3,9,One year,Mailed check,DSL,0.3959,0
2026-09-06 23:28:19,10102,2,111.85,227.55,5,0,Two year,Electronic check,Fiber optic,0.4851,0
2026-09-06 23:28:21,10103,30,117.8,3251.85,2,6,Month-to-month,Electronic check,Fiber optic,0.7443,1
2026-09-06 23:28:23,10104,43,36.55,1468.67,5,5,Month-to-month,Credit card,Fiber optic,0.6777,1
2026-09-06 23:28:25,10105,29,76.72,2266.52,4,1,One year,Mailed check,Fiber optic,0.4258,0
2026-09-06 23:28:27,10106,40,118.88,4754.67,2,8,One year,Electronic check,No,0.4961,0
2026-09-06 23:28:29,10107,66,21.65,1259.32,6,5,Month-to-month,Bank transfer,Fiber optic,0.4827,0
2026-09-06 23:28:31,10108,14,115.13,1398.03,1,8,Two year,Electronic check,DSL,0.519,1
2026-09-06 23:28:33,10109,40,61.25,2349.84,6,6,Two year,Credit card,Fiber optic,0.3308,0
2026-09-06 23:28:36,10110,10,74.83,666.83,5,10,Month-to-month,Credit card,Fiber optic,0.9201,1
2026-09-06 23:28:38,10111,40,64.46,2339.03,2,3,Two year,Mailed check,DSL,0.3078,0
2026-09-06 23:28:40,10112,33,67.71,1901.44,5,8,Month-to-month,Electronic check,DSL,0.7535,1
2026-09-06 23:28:42,10113,60,105.82,5533.52,1,6,Two year,Credit card,No,0.3205,0
2026-09-06 23:28:44,10114,52,110.77,4915.76,5,8,One year,Mailed check,No,0.4157,0
2026-09-06 23:28:46,10115,54,31.78,1592.81,6,1,One year,Bank transfer,DSL,0.1542,0
2026-09-06 23:28:48,10116,4,119.13,423.46,1,5,Month-to-month,Electronic check,DSL,0.8263,1
2026-09-06 23:28:50,10117,51,74.73,3423.79,1,0,Two year,Credit card,Fiber optic,0.3441,0
2026-09-06 23:28:52,10118,46,51.63,2300.21,6,0,Two year,Mailed check,Fiber optic,0.2529,0
2026-09-06 23:28:55,10119,36,35.51,1151.57,3,4,One year,Bank transfer,Fiber optic,0.2562,0
2026-09-06 23:28:57,10120,28,94.14,2664.89,1,3,Two year,Mailed check,DSL,0.3276,0
2026-09-06 23:28:59,10121,33,101.75,3040.61,4,4,One year,Mailed check,No,0.467,0
2026-09-06 23:29:01,10122,32,92.81,2754.7,2,9,Month-to-month,Mailed check,Fiber optic,0.8685,1
2026-09-06 23:29:03,10123,2,106.43,194.99,6,9,Two year,Electronic check,Fiber optic,0.503,1
2026-09-06 23:29:05,10124,5,106.55,527.42,6,8,Month-to-month,Credit card,No,0.8278,1
2026-09-06 23:29:07,10125,38,98.96,3723.87,1,9,Month-to-month,Bank transfer,DSL,0.7448,1
2026-09-06 23:29:09,10126,55,81.31,4434.69,5,2,Month-to-month,Credit card,DSL,0.6593,1
2026-09-06 23:29:11,10127,3,34.93,104.56,4,2,Month-to-month,Bank transfer,Fiber optic,0.8368,1
2026-09-06 23:29:14,10128,69,91.43,6228.54,2,2,Month-to-month,Credit card,Fiber optic,0.6066,1
2026-09-06 23:29:16,10129,31,65.14,1939.65,5,0,Month-to-month,Bank transfer,Fiber optic,0.6618,1
2026-09-06 23:29:18,10130,38,21.35,760.51,7,8,Two year,Mailed check,Fiber optic,0.2514,0
2026-09-06 23:29:20,10131,56,20.54,1203.48,3,3,Two year,Credit card,No,0.2724,0
2026-09-06 23:29:22,10132,1,81.89,85.47,6,10,Two year,Bank transfer,Fiber optic,0.5332,1
2026-09-06 23:29:24,10133,39,102.8,4021.08,4,1,Month-to-month,Electronic check,Fiber optic,0.8062,1
2026-09-06 23:29:26,10134,45,100.02,3984.34,5,6,Two year,Mailed check,DSL,0.2755,0
2026-09-06 23:29:28,10135,60,28.33,1764.21,5,10,Two year,Mailed check,No,0.3459,0
2026-09-06 23:29:30,10136,57,45.36,2292.66,7,1,Month-to-month,Electronic check,No,0.5647,1
2026-09-06 23:29:32,10137,42,44.78,1687.03,4,1,Month-to-month,Bank transfer,Fiber optic,0.6056,1
2026-09-06 23:29:35,10138,13,25.66,302.06,4,6,One year,Mailed check,DSL,0.4402,0
2026-09-06 23:29:37,10139,16,112.17,1668.13,1,6,Month-to-month,Electronic check,No,0.7689,1
2026-09-06 23:29:39,10140,57,113.65,6764.37,5,1,Month-to-month,Electronic check,Fiber optic,0.7517,1
2026-09-06 23:29:41,10141,48,64.97,3219.25,5,7,One year,Bank transfer,Fiber optic,0.242,0
2026-09-06 23:29:43,10142,2,36.3,72.41,1,9,Month-to-month,Electronic check,DSL,0.8656,1
2026-09-06 23:29:45,10143,70,109.83,7922.14,6,2,One year,Mailed check,Fiber optic,0.2676,0
2026-09-06 23:29:47,10144,16,102.16,1545.58,1,5,Month-to-month,Credit card,DSL,0.7211,1
2026-09-06 23:29:49,10145,2,93.62,169.54,2,0,One year,Bank transfer,DSL,0.4648,0
2026-09-06 23:29:51,10146,59,78.44,4419.02,1,1,One year,Electronic check,DSL,0.3267,0
2026-09-06 23:29:53,10147,52,59.39,2936.06,7,7,Two year,Electronic check,DSL,0.1525,0
2026-09-06 23:29:55,10148,24,22.24,515.6,7,10,Two year,Mailed check,DSL,0.3501,0
2026-09-06 23:29:58,10149,8,75.95,615.34,3,9,One year,Credit card,No,0.4472,0
2026-09-06 23:30:00,10150,41,71.31,3030.42,1,8,One year,Bank transfer,DSL,0.3264,0
2026-09-06 23:30:02,10151,38,35.97,1172.13,2,8,Month-to-month,Bank transfer,No,0.7501,1
2026-09-06 23:30:04,10152,68,45.29,2970.36,2,4,Month-to-month,Bank transfer,No,0.6466,1
2026-09-06 23:30:06,10153,55,78.73,3876.67,5,7,Month-to-month,Credit card,DSL,0.7827,1
2026-09-06 23:30:08,10154,10,98.31,1015.23,3,10,Month-to-month,Bank transfer,Fiber optic,0.9091,1
2026-09-06 23:30:10,10155,37,87.42,2985.42,1,9,Month-to-month,Bank transfer,DSL,0.7883,1
2026-09-06 23:30:12,10156,25,116.97,2530.62,4,4,Two year,Mailed check,DSL,0.4564,0
2026-09-06 23:30:14,10157,65,68.12,4618.87,4,2,Month-to-month,Credit card,Fiber optic,0.6019,1
2026-09-06 23:30:17,10158,36,28.52,977.16,7,1,One year,Mailed check,DSL,0.2094,0
2026-09-06 23:30:19,10159,34,75.69,2256.81,4,8,Two year,Bank transfer,Fiber optic,0.415,0
2026-09-06 23:30:21,10160,68,64.49,4265.46,3,6,One year,Credit card,Fiber optic,0.2108,0
2026-09-06 23:30:23,10161,9,54.88,496.66,7,6,Month-to-month,Credit card,No,0.7989,1
2026-09-06 23:30:25,10162,9,29.11,245.19,3,7,Month-to-month,Electronic check,Fiber optic,0.8394,1
2026-09-06 23:30:27,10163,43,28.34,1162.83,2,6,Month-to-month,Bank transfer,DSL,0.7462,1
2026-09-06 23:30:29,10164,10,88.16,844.57,5,6,One year,Credit card,Fiber optic,0.3587,0
2026-09-06 23:30:31,10165,48,102.85,5107.07,1,1,Month-to-month,Electronic check,Fiber optic,0.7489,1
2026-09-06 23:30:33,10166,46,107.22,4688.56,7,2,One year,Electronic check,No,0.3722,0
2026-09-06 23:30:35,10167,48,98.39,4324.57,5,4,Month-to-month,Mailed check,Fiber optic,0.73,1
2026-09-06 23:30:38,10168,21,52.48,977.35,1,9,Two year,Credit card,Fiber optic,0.5578,1
2026-09-06 23:30:40,10169,18,63.96,1163.83,5,5,Month-to-month,Electronic check,DSL,0.7203,1
2026-09-06 23:30:42,10170,66,81.82,4866.09,2,9,Month-to-month,Credit card,DSL,0.7728,1
2026-09-06 23:30:44,10171,48,44.86,2053.26,6,3,Month-to-month,Electronic check,Fiber optic,0.4063,0
2026-09-06 23:30:46,10172,22,51.2,1056.24,2,8,Month-to-month,Bank transfer,Fiber optic,0.8421,1
2026-09-06 23:30:48,10173,16,70.85,1170.42,2,9,One year,Credit card,No,0.4208,0
2026-09-06 23:30:50,10174,54,89.18,4704.0,6,3,Month-to-month,Electronic check,Fiber optic,0.7374,1
2026-09-06 23:30:52,10175,14,30.35,427.78,1,4,Month-to-month,Bank transfer,Fiber optic,0.8597,1
2026-09-06 23:30:54,10176,32,91.5,2592.9,1,9,Month-to-month,Mailed check,Fiber optic,0.8614,1
2026-09-06 23:30:56,10177,62,68.22,3655.07,5,6,Month-to-month,Bank transfer,No,0.7005,1
2026-09-06 23:30:59,10178,21,107.15,2004.62,4,10,One year,Credit card,DSL,0.6152,1
2026-09-06 23:31:01,10179,62,78.98,4973.73,3,0,One year,Electronic check,No,0.3207,0
2026-09-06 23:31:03,10180,70,72.22,4763.4,6,9,One year,Credit card,No,0.2294,0
2026-09-06 23:31:05,10181,34,36.77,1104.58,6,1,Two year,Mailed check,Fiber optic,0.1859,0
2026-09-06 23:31:07,10182,26,53.76,1384.2,4,1,Two year,Mailed check,No,0.3693,0
2026-09-06 23:31:09,10183,63,23.06,1272.69,6,8,Two year,Electronic check,Fiber optic,0.2396,0
2026-09-06 23:31:11,10184,16,81.99,1148.12,4,9,Month-to-month,Mailed check,No,0.9102,1
2026-09-06 23:31:13,10185,15,113.01,1634.34,7,1,Two year,Mailed check,Fiber optic,0.3665,0
2026-09-06 23:31:15,10186,34,24.29,756.24,3,4,Two year,Bank transfer,No,0.3389,0
2026-09-06 23:31:18,10187,1,87.04,90.86,6,6,One year,Electronic check,Fiber optic,0.3947,0
2026-09-06 23:31:20,10188,71,109.8,7307.43,7,7,Month-to-month,Mailed check,DSL,0.6096,1
2026-09-06 23:31:22,10189,19,34.53,625.25,3,5,Two year,Bank transfer,Fiber optic,0.2993,0
2026-09-06 23:31:24,10190,51,91.81,4819.26,6,6,Month-to-month,Bank transfer,No,0.7724,1
2026-09-06 23:31:26,10191,18,88.2,1562.11,2,3,Month-to-month,Credit card,Fiber optic,0.8259,1
2026-09-06 23:31:28,10192,48,57.56,2778.14,7,5,Month-to-month,Bank transfer,DSL,0.6321,1
2026-09-06 23:31:30,10193,26,106.12,2358.1,1,2,Two year,Credit card,Fiber optic,0.5014,1
2026-09-06 23:31:33,10194,37,33.85,1154.75,5,6,Month-to-month,Bank transfer,DSL,0.6781,1
2026-09-06 23:31:35,10195,63,33.43,2134.31,6,8,One year,Credit card,Fiber optic,0.3151,0
2026-09-06 23:31:37,10196,33,61.06,1869.47,5,0,Month-to-month,Bank transfer,No,0.6215,1
2026-09-06 23:31:39,10197,20,35.88,702.82,2,3,Month-to-month,Bank transfer,No,0.8514,1
2026-09-06 23:31:41,10198,52,35.09,1570.84,7,3,One year,Credit card,DSL,0.1575,0
2026-09-06 23:31:43,10199,44,71.75,2844.76,7,4,Month-to-month,Mailed check,No,0.5965,1
2026-09-06 23:31:45,10200,39,108.23,3598.19,6,9,One year,Electronic check,Fiber optic,0.3749,0
2026-09-06 23:31:47,10201,58,84.16,5063.85,3,3,Two year,Credit card,DSL,0.2393,0
2026-09-06 23:31:49,10202,57,99.91,5709.55,6,2,Month-to-month,Mailed check,Fiber optic,0.6944,1
2026-09-06 23:31:51,10203,60,100.79,5968.21,2,1,Month-to-month,Bank transfer,Fiber optic,0.6534,1
2026-09-06 23:31:54,10204,5,22.16,99.65,5,4,Two year,Mailed check,Fiber optic,0.4891,0
2026-09-06 23:31:56,10205,22,106.79,2445.08,6,6,Month-to-month,Credit card,Fiber optic,0.7091,1
2026-09-06 23:31:58,10206,28,78.92,2038.67,4,6,Two year,Electronic check,Fiber optic,0.3307,0
2026-09-06 23:32:00,10207,37,63.54,2102.78,1,2,Two year,Bank transfer,No,0.3597,0
2026-09-06 23:32:02,10208,32,102.59,3152.02,2,7,Month-to-month,Electronic check,No,0.7892,1
2026-09-06 23:32:04,10209,56,82.97,4113.9,6,0,One year,Mailed check,DSL,0.2865,0
2026-09-06 23:32:06,10210,44,119.53,5511.87,5,0,Month-to-month,Mailed check,DSL,0.6814,1
2026-09-06 23:32:08,10211,8,52.52,393.25,4,4,Month-to-month,Electronic check,Fiber optic,0.8535,1
2026-09-06 23:32:10,10212,36,62.2,2189.67,4,8,One year,Electronic check,Fiber optic,0.3726,0
2026-09-06 23:32:12,10213,70,24.37,1762.91,7,3,Month-to-month,Electronic check,DSL,0.4599,0
2026-09-06 23:32:14,10214,45,53.03,2059.31,5,10,One year,Electronic check,Fiber optic,0.2503,0
2026-09-06 23:32:17,10215,18,91.78,1675.91,7,8,Month-to-month,Electronic check,Fiber optic,0.8059,1
2026-09-06 23:32:19,10216,58,119.33,6508.71,5,7,One year,Electronic check,DSL,0.3981,0
2026-09-06 23:32:21,10217,52,113.4,5107.22,7,8,One year,Bank transfer,DSL,0.3322,0
2026-09-06 23:32:23,10218,15,70.67,903.09,3,1,Month-to-month,Mailed check,No,0.8242,1
2026-09-06 23:32:25,10219,1,88.87,84.88,7,10,Month-to-month,Electronic check,No,0.8222,1
2026-09-06 23:32:27,10220,5,55.77,288.33,3,2,Two year,Mailed check,Fiber optic,0.6426,1
2026-09-06 23:32:29,10221,36,109.56,3514.64,7,8,Month-to-month,Electronic check,Fiber optic,0.7547,1
2026-09-06 23:32:31,10222,40,67.52,2653.07,2,9,Month-to-month,Bank transfer,Fiber optic,0.7731,1
2026-09-06 23:32:33,10223,6,118.03,669.38,4,1,Month-to-month,Electronic check,DSL,0.7418,1
2026-09-06 23:32:35,10224,46,34.73,1618.33,3,6,Month-to-month,Mailed check,DSL,0.7057,1
2026-09-06 23:32:38,10225,59,105.0,5532.15,5,9,Two year,Electronic check,DSL,0.3215,0
2026-09-06 23:32:40,10226,36,94.4,3493.19,1,1,One year,Mailed check,Fiber optic,0.3401,0
2026-09-06 23:32:42,10227,29,33.09,955.58,7,8,One year,Credit card,No,0.3001,0
2026-09-06 23:32:44,10228,48,113.4,4731.67,7,9,Month-to-month,Credit card,Fiber optic,0.6712,1
2026-09-06 23:32:46,10229,58,61.55,3152.96,2,3,Month-to-month,Electronic check,Fiber optic,0.6367,1
2026-09-06 23:32:48,10230,52,118.74,6188.52,3,6,Month-to-month,Electronic check,Fiber optic,0.7858,1
2026-09-06 23:32:50,10231,38,107.29,3739.26,7,3,Month-to-month,Electronic check,DSL,0.7503,1
2026-09-06 23:32:52,10232,29,87.64,2320.74,5,7,One year,Mailed check,Fiber optic,0.4924,0
2026-09-06 23:32:54,10233,55,83.45,4313.83,3,9,Two year,Electronic check,DSL,0.3429,0
2026-09-06 23:32:56,10234,72,109.4,7131.92,6,4,Month-to-month,Credit card,Fiber optic,0.5371,1
2026-09-06 23:32:58,10235,4,28.72,113.36,1,7,Two year,Mailed check,Fiber optic,0.4957,0
2026-09-06 23:33:00,10236,28,94.33,2738.62,6,10,Month-to-month,Credit card,Fiber optic,0.7881,1
2026-09-06 23:33:03,10237,59,58.87,3104.11,4,8,Month-to-month,Credit card,DSL,0.7397,1
2026-09-06 23:33:05,10238,14,32.91,456.73,6,4,Month-to-month,Credit card,Fiber optic,0.767,1
2026-09-06 23:33:07,10239,5,92.99,419.84,5,10,Two year,Bank transfer,No,0.5771,1
2026-09-06 23:33:09,10240,47,60.7,2614.51,4,4,One year,Credit card,No,0.3542,0
2026-09-06 23:33:11,10241,31,112.54,2982.96,6,1,Month-to-month,Mailed check,No,0.7938,1
2026-09-06 23:33:13,10242,3,70.04,186.52,4,10,Month-to-month,Credit card,DSL,0.877,1
2026-09-06 23:33:15,10243,2,49.14,103.02,5,5,One year,Credit card,No,0.3719,0
2026-09-06 23:33:17,10244,28,99.34,2519.42,7,0,Month-to-month,Bank transfer,Fiber optic,0.7891,1
2026-09-06 23:33:19,10245,5,49.35,215.89,7,1,Two year,Credit card,Fiber optic,0.4974,0
2026-09-06 23:33:21,10246,59,61.32,3254.02,3,9,Two year,Mailed check,No,0.3117,0
2026-09-06 23:33:23,10247,13,86.65,1116.85,3,3,Month-to-month,Credit card,Fiber optic,0.8513,1
2026-09-06 23:33:25,10248,15,117.77,1788.87,4,5,Month-to-month,Bank transfer,Fiber optic,0.8313,1
2026-09-06 23:33:28,10249,39,38.92,1399.8,6,7,Month-to-month,Electronic check,No,0.6138,1
2026-09-06 23:33:30,10250,8,58.28,404.42,2,6,Two year,Credit card,DSL,0.4508,0
2026-09-06 23:33:32,10251,57,100.07,5917.99,4,10,Two year,Electronic check,DSL,0.3921,0
2026-09-06 23:33:34,10252,11,109.66,1050.81,7,2,Month-to-month,Mailed check,DSL,0.7449,1
2026-09-06 23:33:36,10253,21,45.56,906.23,3,7,Month-to-month,Bank transfer,Fiber optic,0.8073,1
2026-09-06 23:33:38,10254,40,49.03,1797.75,3,7,Month-to-month,Credit card,Fiber optic,0.7758,1
2026-09-06 23:33:40,10255,13,57.05,721.97,2,10,One year,Mailed check,Fiber optic,0.455,0
2026-09-06 23:33:42,10256,39,89.23,3116.78,7,4,Two year,Credit card,DSL,0.4347,0
2026-09-06 23:33:44,10257,37,66.75,2572.37,2,2,Two year,Credit card,Fiber optic,0.4153,0
2026-09-06 23:33:46,10258,29,41.85,1088.16,6,10,One year,Electronic check,No,0.3792,0
2026-09-06 23:33:48,10259,29,47.02,1391.82,7,6,Month-to-month,Electronic check,No,0.6044,1
2026-09-06 23:33:50,10260,42,77.1,2851.4,4,7,Month-to-month,Bank transfer,DSL,0.7396,1
2026-09-06 23:33:53,10261,22,67.54,1448.21,6,2,Month-to-month,Bank transfer,Fiber optic,0.5298,1
2026-09-06 23:33:55,10262,43,66.69,2882.35,7,0,Month-to-month,Mailed check,DSL,0.4908,0
2026-09-06 23:33:57,10263,44,47.97,1994.84,4,9,Two year,Electronic check,Fiber optic,0.2817,0
2026-09-06 23:33:59,10264,61,109.88,6190.39,3,9,One year,Mailed check,Fiber optic,0.3334,0
2026-09-06 23:34:01,10265,63,99.26,6118.33,5,10,One year,Mailed check,DSL,0.3855,0
2026-09-06 23:34:03,10266,32,28.48,947.36,3,5,Month-to-month,Electronic check,DSL,0.6896,1
2026-09-06 23:34:05,10267,44,44.84,1788.43,7,4,Month-to-month,Mailed check,DSL,0.4709,0
2026-09-06 23:34:07,10268,25,106.88,2350.48,4,4,One year,Electronic check,DSL,0.4686,0
2026-09-06 23:34:09,10269,68,95.87,6158.8,4,1,Month-to-month,Bank transfer,DSL,0.5948,1
2026-09-06 23:34:11,10270,71,36.71,2267.48,1,10,Month-to-month,Electronic check,DSL,0.58,1
2026-09-06 23:34:14,10271,17,73.32,1302.37,2,5,Month-to-month,Credit card,DSL,0.7931,1
2026-09-06 23:34:16,10272,49,67.08,3327.68,2,5,Two year,Bank transfer,DSL,0.2872,0
2026-09-06 23:34:18,10273,9,104.26,899.31,2,9,Month-to-month,Mailed check,No,0.8772,1
2026-09-06 23:34:20,10274,61,71.56,4576.2,4,2,Two year,Electronic check,No,0.3043,0
2026-09-06 23:34:22,10275,42,98.39,3855.2,5,3,Month-to-month,Mailed check,Fiber optic,0.7027,1
2026-09-06 23:34:24,10276,61,80.52,4488.76,6,3,One year,Electronic check,Fiber optic,0.2764,0
2026-09-06 23:34:26,10277,1,65.04,56.96,5,4,Month-to-month,Bank transfer,Fiber optic,0.9089,1
2026-09-06 23:34:28,10278,69,54.95,3231.0,6,3,Month-to-month,Credit card,Fiber optic,0.417,0
2026-09-06 23:34:30,10279,4,71.82,271.74,3,4,One year,Credit card,Fiber optic,0.4006,0
2026-09-06 23:34:33,10280,17,35.13,590.78,2,3,Month-to-month,Bank transfer,No,0.8726,1
2026-09-06 23:34:35,10281,3,101.96,308.01,7,7,Month-to-month,Mailed check,DSL,0.7954,1
2026-09-06 23:34:37,10282,33,29.3,989.58,2,10,Month-to-month,Electronic check,DSL,0.7256,1
2026-09-06 23:34:39,10283,41,38.63,1457.61,4,2,One year,Mailed check,Fiber optic,0.3245,0
2026-09-06 23:34:41,10284,38,64.66,2400.59,1,9,One year,Bank transfer,Fiber optic,0.3511,0
2026-09-06 23:34:43,10285,12,38.28,478.11,3,0,One year,Mailed check,DSL,0.2619,0
2026-09-06 23:34:45,10286,57,30.31,1546.77,7,1,Two year,Electronic check,No,0.2221,0
2026-09-06 23:34:47,10287,63,99.5,6063.91,5,8,One year,Bank transfer,DSL,0.2841,0
2026-09-06 23:34:49,10288,25,96.4,2075.24,6,6,One year,Electronic check,DSL,0.4623,0
2026-09-06 23:34:51,10289,66,87.54,5113.67,3,3,Month-to-month,Credit card,Fiber optic,0.5089,1
2026-09-06 23:34:54,10290,47,50.66,2485.94,5,0,Month-to-month,Credit card,Fiber optic,0.5999,1
2026-09-06 23:34:56,10291,67,108.08,7112.83,7,10,Month-to-month,Mailed check,Fiber optic,0.6667,1
2026-09-06 23:34:58,10292,59,21.52,1151.88,1,4,Two year,Bank transfer,DSL,0.3262,0
